{"cameraMode":{"drawMode":0,"name":"Shaded","section":"Shading Mode"},"sceneLighting":true,"audioPlay":false,"sceneViewState":{"showFog":true,"showMaterialUpdate":false,"showSkybox":true,"showFlares":true,"showImageEffects":true,"showParticleSystems":true},"in2DMode":false,"pivot":{"x":36.858543395996097,"y":0.9157251119613648,"z":40.888065338134769},"rotation":{"x":0.4492161273956299,"y":-0.3378257751464844,"z":0.18844269216060639,"w":0.805342972278595},"size":44.442691802978519,"orthographic":false}