{"cameraMode":{"drawMode":0,"name":"Shaded","section":"Shading Mode"},"sceneLighting":false,"audioPlay":false,"sceneViewState":{"showFog":true,"showMaterialUpdate":false,"showSkybox":false,"showFlares":true,"showImageEffects":true,"showParticleSystems":true},"in2DMode":false,"pivot":{"x":5.707721710205078,"y":0.8316549062728882,"z":1.7506914138793946},"rotation":{"x":0.10220440477132797,"y":0.883467972278595,"z":-0.2277609258890152,"w":0.3964424431324005},"size":3.108660936355591,"orthographic":false}