{"cameraMode":{"drawMode":0,"name":"Shaded","section":"Shading Mode"},"sceneLighting":true,"audioPlay":false,"sceneViewState":{"showFog":true,"showMaterialUpdate":false,"showSkybox":true,"showFlares":true,"showImageEffects":true,"showParticleSystems":true},"in2DMode":false,"pivot":{"x":14.590873718261719,"y":14.639776229858399,"z":31.482263565063478},"rotation":{"x":-0.3586216866970062,"y":-0.29058408737182619,"z":0.11853312700986862,"w":-0.8791587352752686},"size":75.45341491699219,"orthographic":false}